--insert patients for students
INSERT INTO public.patients (name, type, birthdate, sex) VALUES
	('Soumitra Shewale', 'student', '2003-06-09', 'male'),
	('Ananya Sharma', 'student', '2003-08-23', 'female'),
	('Arjun Patel', 'student', '2002-11-15', 'male'),
	('Diya Reddy', 'student', '2003-02-28', 'female'),
	('Ishaan Singh', 'student', '2002-07-19', 'male'),
	('Kavya Iyer', 'student', '2003-09-05', 'female'),
	('Rohan Gupta', 'student', '2002-12-30', 'male'),
	('Saanvi Menon', 'student', '2003-04-17', 'female'),
	('Vihaan Agarwal', 'student', '2002-10-08', 'male'),
	('Anika Nair', 'student', '2003-06-21', 'female'),
	('Kabir Joshi', 'student', '2002-09-14', 'male'),
	('Meera Bhat', 'student', '2003-01-26', 'female'),
	('Advait Desai', 'student', '2002-08-03', 'male'),
	('Priya Verma', 'student', '2003-03-11', 'female'),
	('Ayush Malhotra', 'student', '2002-05-29', 'male'),
	('Riya Das', 'student', '2003-07-07', 'female'),
	('Dhruv Saxena', 'student', '2002-11-22', 'male'),
	('Tanvi Kapoor', 'student', '2003-10-18', 'female'),
	('Aditya Rao', 'student', '2002-04-25', 'male'),
	('Nisha Pillai', 'student', '2003-12-09', 'female'),
	('Karan Mehta', 'student', '2002-06-14', 'male'),
	('Shruti Pandey', 'student', '2003-02-01', 'female'),
	('Vivaan Khanna', 'student', '2002-09-27', 'male'),
	('Anushka Ghosh', 'student', '2003-05-20', 'female'),
	('Siddharth Tiwari', 'student', '2002-08-16', 'male'),
	('Isha Banerjee', 'student', '2003-11-03', 'female'),
	('Pranav Shetty', 'student', '2002-07-11', 'male'),
	('Pooja Kulkarni', 'student', '2003-04-28', 'female'),
	('Aryan Chopra', 'student', '2002-10-19', 'male'),
	('Divya Mishra', 'student', '2003-06-06', 'female'),
	('Naman Thakur', 'student', '2002-12-13', 'male'),
	('Sneha Dubey', 'student', '2003-08-30', 'female'),
	('Raghav Jain', 'student', '2002-05-07', 'male'),
	('Tara Srinivasan', 'student', '2003-01-15', 'female'),
	('Arnav Bose', 'student', '2002-09-04', 'male'),
	('Khushi Sharma', 'student', '2003-07-22', 'female'),
	('Shaurya Chauhan', 'student', '2002-11-09', 'male'),
	('Aditi Hegde', 'student', '2003-03-27', 'female'),
	('Yash Mukherjee', 'student', '2002-06-18', 'male'),
	('Simran Bajaj', 'student', '2003-10-05', 'female'),
	('Reyansh Goel', 'student', '2002-04-13', 'male'),
	('Avni Subramaniam', 'student', '2003-12-21', 'female'),
	('Vedant Jha', 'student', '2002-08-08', 'male'),
	('Neha Kothari', 'student', '2003-02-16', 'female'),
	('Aadhya Raman', 'student', '2002-07-24', 'female'),
	('Rudra Pawar', 'student', '2003-09-10', 'male'),
	('Sara Mudaliar', 'student', '2002-05-31', 'female'),
	('Krish Ramesh', 'student', '2003-11-17', 'male'),
	('Myra Trivedi', 'student', '2002-10-02', 'female'),
	('Om Narayanan', 'student', '2003-04-09', 'male');

-- insert student records
INSERT INTO public.students ("studentId", email, phone, "patientId") VALUES
	('2023A10001H', 'f20210781@hyderabad.bits-pilani.ac.in', '9876543210', 1),
	('2023A20002H', 'ananya.sharma@student.edu', '9876543211', 2),
	('2022A30003H', 'arjun.patel@student.edu', '9876543212', 3),
	('2023A40004H', 'diya.reddy@student.edu', '9876543213', 4),
	('2022A50005H', 'ishaan.singh@student.edu', '9876543214', 5),
	('2023A10006H', 'kavya.iyer@student.edu', '9876543215', 6),
	('2022A20007H', 'rohan.gupta@student.edu', '9876543216', 7),
	('2023A30008H', 'saanvi.menon@student.edu', '9876543217', 8),
	('2022A40009H', 'vihaan.agarwal@student.edu', '9876543218', 9),
	('2023A50010H', 'anika.nair@student.edu', '9876543219', 10),
	('2022A60011H', 'kabir.joshi@student.edu', '9876543220', 11),
	('2023A70012H', 'meera.bhat@student.edu', '9876543221', 12),
	('2022A10013H', 'advait.desai@student.edu', '9876543222', 13),
	('2023A20014H', 'priya.verma@student.edu', '9876543223', 14),
	('2022A30015H', 'ayush.malhotra@student.edu', '9876543224', 15),
	('2023A40016H', 'riya.das@student.edu', '9876543225', 16),
	('2022A50017H', 'dhruv.saxena@student.edu', '9876543226', 17),
	('2023A60018H', 'tanvi.kapoor@student.edu', '9876543227', 18),
	('2022A70019H', 'aditya.rao@student.edu', '9876543228', 19),
	('2023A10020H', 'nisha.pillai@student.edu', '9876543229', 20),
	('2022A20021H', 'karan.mehta@student.edu', '9876543230', 21),
	('2023A30022H', 'shruti.pandey@student.edu', '9876543231', 22),
	('2022A40023H', 'vivaan.khanna@student.edu', '9876543232', 23),
	('2023A50024H', 'anushka.ghosh@student.edu', '9876543233', 24),
	('2022A60025H', 'siddharth.tiwari@student.edu', '9876543234', 25),
	('2023A70026H', 'isha.banerjee@student.edu', '9876543235', 26),
	('2022A10027H', 'pranav.shetty@student.edu', '9876543236', 27),
	('2023A20028H', 'pooja.kulkarni@student.edu', '9876543237', 28),
	('2022A30029H', 'aryan.chopra@student.edu', '9876543238', 29),
	('2023A40030H', 'divya.mishra@student.edu', '9876543239', 30),
	('2022A50031H', 'naman.thakur@student.edu', '9876543240', 31),
	('2023A60032H', 'sneha.dubey@student.edu', '9876543241', 32),
	('2022A70033H', 'raghav.jain@student.edu', '9876543242', 33),
	('2023A10034H', 'tara.srinivasan@student.edu', '9876543243', 34),
	('2022A20035H', 'arnav.bose@student.edu', '9876543244', 35),
	('2023A30036H', 'khushi.sharma@student.edu', '9876543245', 36),
	('2022A40037H', 'shaurya.chauhan@student.edu', '9876543246', 37),
	('2023A50038H', 'aditi.hegde@student.edu', '9876543247', 38),
	('2022A60039H', 'yash.mukherjee@student.edu', '9876543248', 39),
	('2023A70040H', 'simran.bajaj@student.edu', '9876543249', 40),
	('2022A10041H', 'reyansh.goel@student.edu', '9876543250', 41),
	('2023A20042H', 'avni.subramaniam@student.edu', '9876543251', 42),
	('2022A30043H', 'vedant.jha@student.edu', '9876543252', 43),
	('2023A40044H', 'neha.kothari@student.edu', '9876543253', 44),
	('2022A50045H', 'aadhya.raman@student.edu', '9876543254', 45),
	('2023A60046H', 'rudra.pawar@student.edu', '9876543255', 46),
	('2022A70047H', 'sara.mudaliar@student.edu', '9876543256', 47),
	('2023A10048H', 'krish.ramesh@student.edu', '9876543257', 48),
	('2022A20049H', 'myra.trivedi@student.edu', '9876543258', 49),
	('2023A30050H', 'om.narayanan@student.edu', '9876543259', 50);

-- insert patients for professors
INSERT INTO public.patients (name, type, birthdate, sex) VALUES
	('Prof. Supradeepan K', 'professor', '1975-03-15', 'male'),
	('Dr. Meena Sundaram', 'professor', '1980-07-22', 'female'),
	('Dr. Vikram Shah', 'professor', '1972-11-08', 'male'),
	('Dr. Anjali Rao', 'professor', '1978-05-30', 'female'),
	('Dr. Suresh Iyer', 'professor', '1970-09-18', 'male'),
	('Dr. Priya Nair', 'professor', '1982-01-25', 'female'),
	('Dr. Anil Kumar', 'professor', '1968-12-03', 'male'),
	('Dr. Lakshmi Menon', 'professor', '1979-04-14', 'female'),
	('Dr. Ramesh Gupta', 'professor', '1973-08-27', 'male'),
	('Dr. Shalini Patel', 'professor', '1981-06-09', 'female'),
	('Dr. Karthik Reddy', 'professor', '1976-10-21', 'male'),
	('Dr. Deepa Sharma', 'professor', '1977-02-16', 'female'),
	('Dr. Venkat Subramanian', 'professor', '1974-12-30', 'male'),
	('Dr. Kavitha Bose', 'professor', '1983-03-07', 'female'),
	('Dr. Mahesh Desai', 'professor', '1971-07-19', 'male');

-- insert professor records
INSERT INTO public.professors (psrn, email, phone, "patientId") VALUES
	('H1001', 'supradeepan@hyderabad.bits-pilani.ac.in', '9123456780', 51),
	('H1002', 'meena.sundaram@university.edu', '9123456781', 52),
	('H1003', 'vikram.shah@university.edu', '9123456782', 53),
	('H1004', 'anjali.rao@university.edu', '9123456783', 54),
	('H1005', 'suresh.iyer@university.edu', '9123456784', 55),
	('H1006', 'priya.nair@university.edu', '9123456785', 56),
	('H1007', 'anil.kumar@university.edu', '9123456786', 57),
	('H1008', 'lakshmi.menon@university.edu', '9123456787', 58),
	('H1009', 'ramesh.gupta@university.edu', '9123456788', 59),
	('H1010', 'shalini.patel@university.edu', '9123456789', 60),
	('H1011', 'karthik.reddy@university.edu', '9123456790', 61),
	('H1012', 'deepa.sharma@university.edu', '9123456791', 62),
	('H1013', 'venkat.subramanian@university.edu', '9123456792', 63),
	('H1014', 'kavitha.bose@university.edu', '9123456793', 64),
	('H1015', 'mahesh.desai@university.edu', '9123456794', 65);

-- insert patients for dependents
INSERT INTO public.patients (name, type, birthdate, sex) VALUES
	('Ravi Krishnan', 'dependent', '2005-06-12', 'male'),
	('Priya Krishnan', 'dependent', '2008-09-25', 'female'),
	('Amit Sundaram', 'dependent', '2006-03-18', 'male'),
	('Neha Sundaram', 'dependent', '2010-11-05', 'female'),
	('Sanjay Sundaram', 'dependent', '1978-07-14', 'male'),
	('Arya Shah', 'dependent', '2007-04-22', 'female'),
	('Kiran Shah', 'dependent', '2009-08-30', 'male'),
	('Maya Shah', 'dependent', '1973-12-19', 'female'),
	('Nikhil Rao', 'dependent', '2006-01-15', 'male'),
	('Shreya Rao', 'dependent', '2011-05-28', 'female'),
	('Arun Iyer', 'dependent', '2004-10-07', 'male'),
	('Divya Iyer', 'dependent', '2008-02-21', 'female'),
	('Sunil Iyer', 'dependent', '1975-06-09', 'male'),
	('Radha Nair', 'dependent', '2005-09-13', 'female'),
	('Krishna Nair', 'dependent', '2009-12-28', 'male'),
	('Vijay Kumar', 'dependent', '2007-03-05', 'male'),
	('Pooja Kumar', 'dependent', '2010-07-17', 'female'),
	('Geeta Kumar', 'dependent', '1970-11-23', 'female'),
	('Ashok Menon', 'dependent', '2006-05-10', 'male'),
	('Meera Menon', 'dependent', '2009-08-22', 'female'),
	('Anand Gupta', 'dependent', '2005-12-01', 'male'),
	('Swati Gupta', 'dependent', '2008-04-14', 'female'),
	('Sunita Gupta', 'dependent', '1974-09-26', 'female'),
	('Rohit Patel', 'dependent', '2007-01-08', 'male'),
	('Anjana Patel', 'dependent', '2010-06-19', 'female'),
	('Naveen Reddy', 'dependent', '2006-11-30', 'male'),
	('Kamala Reddy', 'dependent', '2009-03-12', 'female'),
	('Rekha Reddy', 'dependent', '1977-07-24', 'female'),
	('Amar Sharma', 'dependent', '2005-02-16', 'male'),
	('Lata Sharma', 'dependent', '2008-10-28', 'female'),
	('Mohan Sharma', 'dependent', '1978-05-06', 'male'),
	('Sita Subramanian', 'dependent', '2007-08-20', 'female'),
	('Raman Subramanian', 'dependent', '2010-12-03', 'male'),
	('Vasudha Subramanian', 'dependent', '1975-04-15', 'female'),
	('Gopal Bose', 'dependent', '2006-07-09', 'male'),
	('Uma Bose', 'dependent', '2009-11-21', 'female'),
	('Prakash Desai', 'dependent', '2005-03-27', 'male'),
	('Savita Desai', 'dependent', '2008-06-14', 'female'),
	('Nisha Desai', 'dependent', '2011-09-08', 'female'),
	('Rajani Desai', 'dependent', '1972-01-30', 'female');

--dependent records
INSERT INTO public.dependents (psrn, "patientId") VALUES
	('H1001', 66),  
	('H1001', 67),  
	('H1002', 68),  
	('H1002', 69),  
	('H1002', 70),  
	('H1003', 71),  
	('H1003', 72),  
	('H1003', 73),  
	('H1004', 74),  
	('H1004', 75),  
	('H1005', 76),  
	('H1005', 77), 
	('H1005', 78), 
	('H1006', 79),  
	('H1006', 80), 
	('H1007', 81),  
	('H1007', 82),  
	('H1007', 83), 
	('H1008', 84),  
	('H1008', 85),  
	('H1009', 86),  
	('H1009', 87),  
	('H1009', 88),  
	('H1010', 89),  
	('H1010', 90),  
	('H1011', 91),  
	('H1011', 92),  
	('H1011', 93),  
	('H1012', 94),  
	('H1012', 95),  
	('H1012', 96),  
	('H1013', 97),  
	('H1013', 98),  
	('H1013', 99),  
	('H1014', 100),
	('H1014', 101),
	('H1015', 102),
	('H1015', 103),
	('H1015', 104), 
	('H1015', 105);
